method,metric,datasets,wins,non_tied,p_raw,p_holm
mean,ece,5,3,5,0.5,1.0
mean,auarc,5,5,5,0.03125,0.75
logodds_sum,ece,5,1,5,0.96875,1.0
logodds_sum,auarc,5,5,5,0.03125,0.75
logodds_mean,ece,5,3,5,0.5,1.0
logodds_mean,auarc,5,5,5,0.03125,0.75
shared_rho,ece,5,1,5,0.96875,1.0
shared_rho,auarc,5,5,5,0.03125,0.75
shared_scale,ece,5,5,5,0.03125,0.75
shared_scale,auarc,5,5,5,0.03125,0.75
kahn,ece,5,4,5,0.1875,1.0
kahn,auarc,5,5,5,0.03125,0.75
blp,ece,5,5,5,0.03125,0.75
blp,auarc,5,5,5,0.03125,0.75
logistic_pool,ece,4,4,4,0.0625,0.75
logistic_pool,auarc,4,4,4,0.0625,0.75
blp_equal,ece,5,5,5,0.03125,0.75
blp_equal,auarc,5,5,5,0.03125,0.75
kahn_diagonal,ece,5,2,5,0.8125,1.0
kahn_diagonal,auarc,5,5,5,0.03125,0.75
cagecal_debate,ece,5,5,5,0.03125,0.75
cagecal_debate,auarc,5,5,5,0.03125,0.75
cagecal_debate_betasb,ece,5,5,5,0.03125,0.75
cagecal_debate_betasb,auarc,5,5,5,0.03125,0.75
