task,model,signal,metric,value
gsm8k,vllm/g3-12i,constant,auroc,nan
gsm8k,vllm/g3-12i,constant,cal_brier,0.07208500000000001
gsm8k,vllm/g3-12i,constant,cal_ece,0.013000000000000097
gsm8k,vllm/g3-12i,constant,auarc,0.922
gsm8k,vllm/g3-12i,seq_response,auroc,0.65832359975527
gsm8k,vllm/g3-12i,seq_response,cal_brier,0.0686826683441588
gsm8k,vllm/g3-12i,seq_response,cal_ece,0.023650161440305625
gsm8k,vllm/g3-12i,seq_response,raw_ece,0.04042429091006151
gsm8k,vllm/g3-12i,seq_response,auarc,0.9521197671199519
gsm8k,vllm/g3-12i,seq_response_min,auroc,0.6865231659157907
gsm8k,vllm/g3-12i,seq_response_min,cal_brier,0.06792369410028855
gsm8k,vllm/g3-12i,seq_response_min,cal_ece,0.02910348397715263
gsm8k,vllm/g3-12i,seq_response_min,raw_ece,0.46622791973223005
gsm8k,vllm/g3-12i,seq_response_min,auarc,0.9571270038496488
gsm8k,vllm/g3-12i,seq_response_tail10,auroc,0.6636631625785638
gsm8k,vllm/g3-12i,seq_response_tail10,cal_brier,0.0684803906267323
gsm8k,vllm/g3-12i,seq_response_tail10,cal_ece,0.024214143511678953
gsm8k,vllm/g3-12i,seq_response_tail10,raw_ece,0.19939046438500452
gsm8k,vllm/g3-12i,seq_response_tail10,auarc,0.9529510172905095
gsm8k,vllm/g3-12i,verification,auroc,0.8648701262584126
gsm8k,vllm/g3-12i,verification,cal_brier,0.06187474452092516
gsm8k,vllm/g3-12i,verification,cal_ece,0.01715665758894259
gsm8k,vllm/g3-12i,verification,raw_ece,0.11092636592935681
gsm8k,vllm/g3-12i,verification,auarc,0.9818214115971685
gsm8k,vllm/g3-12i,verbalized,auroc,0.561877746259525
gsm8k,vllm/g3-12i,verbalized,cal_brier,0.0673629700637347
gsm8k,vllm/g3-12i,verbalized,cal_ece,0.0213386772443044
gsm8k,vllm/g3-12i,verbalized,raw_ece,0.07673333333333333
gsm8k,vllm/g3-12i,verbalized,auarc,0.9309578672513148
gsm8k,vllm/g3-12i,consistency_t0.7,auroc,0.856360198008788
gsm8k,vllm/g3-12i,consistency_t0.7,cal_brier,0.04192129169288796
gsm8k,vllm/g3-12i,consistency_t0.7,cal_ece,0.02455557830703927
gsm8k,vllm/g3-12i,consistency_t0.7,raw_ece,0.038
gsm8k,vllm/g3-12i,consistency_t0.7,auarc,0.9753930270359682
gsm8k,vllm/g3-12i,consistency_t0.7_margin,auroc,0.8410645753378942
gsm8k,vllm/g3-12i,consistency_t0.7_margin,cal_brier,0.045955655658338326
gsm8k,vllm/g3-12i,consistency_t0.7_margin,cal_ece,0.020034094230648832
gsm8k,vllm/g3-12i,consistency_t0.7_margin,raw_ece,0.0316
gsm8k,vllm/g3-12i,consistency_t0.7_margin,auarc,0.9732337346264253
gsm8k,vllm/g3-12i,consistency_t0.7_entropy,auroc,0.8417598309138439
gsm8k,vllm/g3-12i,consistency_t0.7_entropy,cal_brier,0.04403193261529379
gsm8k,vllm/g3-12i,consistency_t0.7_entropy,cal_ece,0.01583843916576102
gsm8k,vllm/g3-12i,consistency_t0.7_entropy,raw_ece,0.0358530931661363
gsm8k,vllm/g3-12i,consistency_t0.7_entropy,auarc,0.9732848874205109
gsm8k,vllm/l31-8bi,constant,auroc,nan
gsm8k,vllm/l31-8bi,constant,cal_brier,0.12050500000000001
gsm8k,vllm/l31-8bi,constant,cal_ece,0.07700000000000021
gsm8k,vllm/l31-8bi,constant,auarc,0.868
gsm8k,vllm/l31-8bi,seq_response,auroc,0.6816436251920123
gsm8k,vllm/l31-8bi,seq_response,cal_brier,0.11508400755614724
gsm8k,vllm/l31-8bi,seq_response,cal_ece,0.0871638946390679
gsm8k,vllm/l31-8bi,seq_response,raw_ece,0.027911647375041513
gsm8k,vllm/l31-8bi,seq_response,auarc,0.921485481460136
gsm8k,vllm/l31-8bi,seq_response_min,auroc,0.6488968021226086
gsm8k,vllm/l31-8bi,seq_response_min,cal_brier,0.11696956798490914
gsm8k,vllm/l31-8bi,seq_response_min,cal_ece,0.08838559260652797
gsm8k,vllm/l31-8bi,seq_response_min,raw_ece,0.5480323081519468
gsm8k,vllm/l31-8bi,seq_response_min,auarc,0.9159042326416322
gsm8k,vllm/l31-8bi,seq_response_tail10,auroc,0.6925708699902249
gsm8k,vllm/l31-8bi,seq_response_tail10,cal_brier,0.11240396440682286
gsm8k,vllm/l31-8bi,seq_response_tail10,cal_ece,0.07987887478459044
gsm8k,vllm/l31-8bi,seq_response_tail10,raw_ece,0.3584418196332893
gsm8k,vllm/l31-8bi,seq_response_tail10,auarc,0.9246739639668686
gsm8k,vllm/l31-8bi,verification,auroc,0.7770213657310432
gsm8k,vllm/l31-8bi,verification,cal_brier,0.10945548224627435
gsm8k,vllm/l31-8bi,verification,cal_ece,0.06817839195540594
gsm8k,vllm/l31-8bi,verification,raw_ece,0.3405278672700717
gsm8k,vllm/l31-8bi,verification,auarc,0.9503151114564233
gsm8k,vllm/l31-8bi,verbalized,auroc,0.6988723641949448
gsm8k,vllm/l31-8bi,verbalized,cal_brier,0.114386808597806
gsm8k,vllm/l31-8bi,verbalized,cal_ece,0.07576141242697434
gsm8k,vllm/l31-8bi,verbalized,raw_ece,0.08409999999999988
gsm8k,vllm/l31-8bi,verbalized,auarc,0.9211290894873868
gsm8k,vllm/l31-8bi,consistency_t0.7,auroc,0.9593283061024996
gsm8k,vllm/l31-8bi,consistency_t0.7,cal_brier,0.05417939550231927
gsm8k,vllm/l31-8bi,consistency_t0.7,cal_ece,0.052141696394458925
gsm8k,vllm/l31-8bi,consistency_t0.7,raw_ece,0.04120000000000002
gsm8k,vllm/l31-8bi,consistency_t0.7,auarc,0.9827868995551983
gsm8k,vllm/l31-8bi,consistency_t0.7_margin,auroc,0.8944456081552856
gsm8k,vllm/l31-8bi,consistency_t0.7_margin,cal_brier,0.08661106575364705
gsm8k,vllm/l31-8bi,consistency_t0.7_margin,cal_ece,0.054106331212059974
gsm8k,vllm/l31-8bi,consistency_t0.7_margin,raw_ece,0.07360000000000001
gsm8k,vllm/l31-8bi,consistency_t0.7_margin,auarc,0.9704556199111105
gsm8k,vllm/l31-8bi,consistency_t0.7_entropy,auroc,0.8895231112973049
gsm8k,vllm/l31-8bi,consistency_t0.7_entropy,cal_brier,0.09087860153735278
gsm8k,vllm/l31-8bi,consistency_t0.7_entropy,cal_ece,0.064807627675656
gsm8k,vllm/l31-8bi,consistency_t0.7_entropy,raw_ece,0.053570444918843454
gsm8k,vllm/l31-8bi,consistency_t0.7_entropy,auarc,0.9698074739146321
gsm8k,vllm/phi4mii,constant,auroc,nan
gsm8k,vllm/phi4mii,constant,cal_brier,0.09520500000000003
gsm8k,vllm/phi4mii,constant,cal_ece,0.020999999999999786
gsm8k,vllm/phi4mii,constant,auarc,0.894
gsm8k,vllm/phi4mii,seq_response,auroc,0.7585158921109282
gsm8k,vllm/phi4mii,seq_response,cal_brier,0.08436006850226685
gsm8k,vllm/phi4mii,seq_response,cal_ece,0.02217516481602498
gsm8k,vllm/phi4mii,seq_response,raw_ece,0.034380796000416
gsm8k,vllm/phi4mii,seq_response,auarc,0.952865625255128
gsm8k,vllm/phi4mii,seq_response_min,auroc,0.6741378582584103
gsm8k,vllm/phi4mii,seq_response_min,cal_brier,0.09199321681179594
gsm8k,vllm/phi4mii,seq_response_min,cal_ece,0.021401523125651144
gsm8k,vllm/phi4mii,seq_response_min,raw_ece,0.5957315579211536
gsm8k,vllm/phi4mii,seq_response_min,auarc,0.9434910464779491
gsm8k,vllm/phi4mii,seq_response_tail10,auroc,0.7190916381748343
gsm8k,vllm/phi4mii,seq_response_tail10,cal_brier,0.08696689218960006
gsm8k,vllm/phi4mii,seq_response_tail10,cal_ece,0.020083007329401215
gsm8k,vllm/phi4mii,seq_response_tail10,raw_ece,0.40810621999371394
gsm8k,vllm/phi4mii,seq_response_tail10,auarc,0.9489276969398638
gsm8k,vllm/phi4mii,verification,auroc,0.750116077835465
gsm8k,vllm/phi4mii,verification,cal_brier,0.08600463797791068
gsm8k,vllm/phi4mii,verification,cal_ece,0.017151183160201453
gsm8k,vllm/phi4mii,verification,raw_ece,0.14530113015857923
gsm8k,vllm/phi4mii,verification,auarc,0.9423431998518338
gsm8k,vllm/phi4mii,verbalized,auroc,0.5834283061078046
gsm8k,vllm/phi4mii,verbalized,cal_brier,0.09630093004446241
gsm8k,vllm/phi4mii,verbalized,cal_ece,0.03920369937215645
gsm8k,vllm/phi4mii,verbalized,raw_ece,0.026100000000000036
gsm8k,vllm/phi4mii,verbalized,auarc,0.9162303092048288
gsm8k,vllm/phi4mii,consistency_t0.7,auroc,0.9201173441391246
gsm8k,vllm/phi4mii,consistency_t0.7,cal_brier,0.05247723738103734
gsm8k,vllm/phi4mii,consistency_t0.7,cal_ece,0.036706300637894713
gsm8k,vllm/phi4mii,consistency_t0.7,raw_ece,0.0432
gsm8k,vllm/phi4mii,consistency_t0.7,auarc,0.9796471863731773
gsm8k,vllm/phi4mii,consistency_t0.7_margin,auroc,0.8223164914946605
gsm8k,vllm/phi4mii,consistency_t0.7_margin,cal_brier,0.07626338209126088
gsm8k,vllm/phi4mii,consistency_t0.7_margin,cal_ece,0.02266485380991401
gsm8k,vllm/phi4mii,consistency_t0.7_margin,raw_ece,0.08480000000000004
gsm8k,vllm/phi4mii,consistency_t0.7_margin,auarc,0.9613535021909155
gsm8k,vllm/phi4mii,consistency_t0.7_entropy,auroc,0.8310750918070153
gsm8k,vllm/phi4mii,consistency_t0.7_entropy,cal_brier,0.07070381107037846
gsm8k,vllm/phi4mii,consistency_t0.7_entropy,cal_ece,0.017652373738656857
gsm8k,vllm/phi4mii,consistency_t0.7_entropy,raw_ece,0.05626325972983603
gsm8k,vllm/phi4mii,consistency_t0.7_entropy,auarc,0.9622466546572073
gsm8k,vllm/q3-4bi,constant,auroc,nan
gsm8k,vllm/q3-4bi,constant,cal_brier,0.06026500000000001
gsm8k,vllm/q3-4bi,constant,cal_ece,0.019000000000000024
gsm8k,vllm/q3-4bi,constant,auarc,0.936
gsm8k,vllm/q3-4bi,seq_response,auroc,0.7994791666666666
gsm8k,vllm/q3-4bi,seq_response,cal_brier,0.051788401779434154
gsm8k,vllm/q3-4bi,seq_response,cal_ece,0.017122020606774733
gsm8k,vllm/q3-4bi,seq_response,raw_ece,0.03003900836798229
gsm8k,vllm/q3-4bi,seq_response,auarc,0.9780558977315897
gsm8k,vllm/q3-4bi,seq_response_min,auroc,0.7255275106837606
gsm8k,vllm/q3-4bi,seq_response_min,cal_brier,0.05471266861641264
gsm8k,vllm/q3-4bi,seq_response_min,cal_ece,0.018563205769526078
gsm8k,vllm/q3-4bi,seq_response_min,raw_ece,0.4476903145280572
gsm8k,vllm/q3-4bi,seq_response_min,auarc,0.970444738683503
gsm8k,vllm/q3-4bi,seq_response_tail10,auroc,0.797142094017094
gsm8k,vllm/q3-4bi,seq_response_tail10,cal_brier,0.05180346875601078
gsm8k,vllm/q3-4bi,seq_response_tail10,cal_ece,0.016859312729441026
gsm8k,vllm/q3-4bi,seq_response_tail10,raw_ece,0.18339297060576853
gsm8k,vllm/q3-4bi,seq_response_tail10,auarc,0.9779665899312973
gsm8k,vllm/q3-4bi,verification,auroc,0.8213808760683761
gsm8k,vllm/q3-4bi,verification,cal_brier,0.05740256151388492
gsm8k,vllm/q3-4bi,verification,cal_ece,0.01799272050177774
gsm8k,vllm/q3-4bi,verification,raw_ece,0.10109784006899844
gsm8k,vllm/q3-4bi,verification,auarc,0.9835002174061664
gsm8k,vllm/q3-4bi,verbalized,auroc,0.546875
gsm8k,vllm/q3-4bi,verbalized,cal_brier,0.06026499999995326
gsm8k,vllm/q3-4bi,verbalized,cal_ece,0.01899999999977359
gsm8k,vllm/q3-4bi,verbalized,raw_ece,0.06246666666666667
gsm8k,vllm/q3-4bi,verbalized,auarc,0.9416272695752956
gsm8k,vllm/q3-4bi,consistency_t0.7,auroc,0.8675213675213675
gsm8k,vllm/q3-4bi,consistency_t0.7,cal_brier,0.03255347160176703
gsm8k,vllm/q3-4bi,consistency_t0.7,cal_ece,0.016272658341482553
gsm8k,vllm/q3-4bi,consistency_t0.7,raw_ece,0.0316
gsm8k,vllm/q3-4bi,consistency_t0.7,auarc,0.9813541788812729
gsm8k,vllm/q3-4bi,consistency_t0.7_margin,auroc,0.8014489850427351
gsm8k,vllm/q3-4bi,consistency_t0.7_margin,cal_brier,0.04065059566208035
gsm8k,vllm/q3-4bi,consistency_t0.7_margin,cal_ece,0.023132107115262864
gsm8k,vllm/q3-4bi,consistency_t0.7_margin,raw_ece,0.040799999999999996
gsm8k,vllm/q3-4bi,consistency_t0.7_margin,auarc,0.9732299402305294
gsm8k,vllm/q3-4bi,consistency_t0.7_entropy,auroc,0.8028178418803419
gsm8k,vllm/q3-4bi,consistency_t0.7_entropy,cal_brier,0.03980484447190443
gsm8k,vllm/q3-4bi,consistency_t0.7_entropy,cal_ece,0.022420177310435812
gsm8k,vllm/q3-4bi,consistency_t0.7_entropy,raw_ece,0.03940113276999262
gsm8k,vllm/q3-4bi,consistency_t0.7_entropy,auarc,0.973313654731418
math500,vllm/g3-12i,constant,auroc,nan
math500,vllm/g3-12i,constant,cal_brier,0.12354430379746836
math500,vllm/g3-12i,constant,cal_ece,0.06075949367088576
math500,vllm/g3-12i,constant,auarc,0.8607594936708861
math500,vllm/g3-12i,seq_response,auroc,0.6375935828877005
math500,vllm/g3-12i,seq_response,cal_brier,0.12024651991088592
math500,vllm/g3-12i,seq_response,cal_ece,0.0666942444410015
math500,vllm/g3-12i,seq_response,raw_ece,0.08065857666216256
math500,vllm/g3-12i,seq_response,auarc,0.9026359798059478
math500,vllm/g3-12i,seq_response_min,auroc,0.8522459893048129
math500,vllm/g3-12i,seq_response_min,cal_brier,0.09910048860969237
math500,vllm/g3-12i,seq_response_min,cal_ece,0.07513821679531542
math500,vllm/g3-12i,seq_response_min,raw_ece,0.559164124398451
math500,vllm/g3-12i,seq_response_min,auarc,0.9591196440823515
math500,vllm/g3-12i,seq_response_tail10,auroc,0.659572192513369
math500,vllm/g3-12i,seq_response_tail10,cal_brier,0.1191261330791573
math500,vllm/g3-12i,seq_response_tail10,cal_ece,0.07225796898792139
math500,vllm/g3-12i,seq_response_tail10,raw_ece,0.24508566851935876
math500,vllm/g3-12i,seq_response_tail10,auarc,0.9071188353727456
math500,vllm/g3-12i,verification,auroc,0.9134224598930482
math500,vllm/g3-12i,verification,cal_brier,0.0948323582627487
math500,vllm/g3-12i,verification,cal_ece,0.10540116728155319
math500,vllm/g3-12i,verification,raw_ece,0.10249010247103912
math500,vllm/g3-12i,verification,auarc,0.9734764091314909
math500,vllm/g3-12i,verbalized,auroc,0.8974866310160428
math500,vllm/g3-12i,verbalized,cal_brier,0.07300141770746571
math500,vllm/g3-12i,verbalized,cal_ece,0.07519554123022683
math500,vllm/g3-12i,verbalized,raw_ece,0.09628691983122364
math500,vllm/g3-12i,verbalized,auarc,0.9647727463423398
math500,vllm/g3-12i,consistency_t0.7,auroc,0.9174598930481284
math500,vllm/g3-12i,consistency_t0.7,cal_brier,0.06416915781052916
math500,vllm/g3-12i,consistency_t0.7,cal_ece,0.04474358015063601
math500,vllm/g3-12i,consistency_t0.7,raw_ece,0.04354430379746834
math500,vllm/g3-12i,consistency_t0.7,auarc,0.9697305093509224
math500,vllm/g3-12i,consistency_t0.7_margin,auroc,0.8672459893048128
math500,vllm/g3-12i,consistency_t0.7_margin,cal_brier,0.08270598625167624
math500,vllm/g3-12i,consistency_t0.7_margin,cal_ece,0.04202000028777874
math500,vllm/g3-12i,consistency_t0.7_margin,raw_ece,0.054177215189873416
math500,vllm/g3-12i,consistency_t0.7_margin,auarc,0.9587824946958041
math500,vllm/g3-12i,consistency_t0.7_entropy,auroc,0.8699732620320856
math500,vllm/g3-12i,consistency_t0.7_entropy,cal_brier,0.08180296304006562
math500,vllm/g3-12i,consistency_t0.7_entropy,cal_ece,0.04259535340793688
math500,vllm/g3-12i,consistency_t0.7_entropy,raw_ece,0.0487055020481425
math500,vllm/g3-12i,consistency_t0.7_entropy,auarc,0.9591311716407497
math500,vllm/l31-8bi,constant,auroc,nan
math500,vllm/l31-8bi,constant,cal_brier,0.24822436714623933
math500,vllm/l31-8bi,constant,cal_ece,0.03405572755417937
math500,vllm/l31-8bi,constant,auarc,0.5541795665634675
math500,vllm/l31-8bi,seq_response,auroc,0.5231610800744879
math500,vllm/l31-8bi,seq_response,cal_brier,0.2481662498825435
math500,vllm/l31-8bi,seq_response,cal_ece,0.03720819643056297
math500,vllm/l31-8bi,seq_response,raw_ece,0.33804425956485434
math500,vllm/l31-8bi,seq_response,auarc,0.5595432074263853
math500,vllm/l31-8bi,seq_response_min,auroc,0.7049968963376785
math500,vllm/l31-8bi,seq_response_min,cal_brier,0.21918658526800153
math500,vllm/l31-8bi,seq_response_min,cal_ece,0.06124665473299236
math500,vllm/l31-8bi,seq_response_min,raw_ece,0.3103791612186248
math500,vllm/l31-8bi,seq_response_min,auarc,0.6797200239076139
math500,vllm/l31-8bi,seq_response_tail10,auroc,0.5638578522656735
math500,vllm/l31-8bi,seq_response_tail10,cal_brier,0.2461949100242215
math500,vllm/l31-8bi,seq_response_tail10,cal_ece,0.045253747221232425
math500,vllm/l31-8bi,seq_response_tail10,raw_ece,0.07712474631208174
math500,vllm/l31-8bi,seq_response_tail10,auarc,0.592743721412657
math500,vllm/l31-8bi,verification,auroc,0.6864525139664804
math500,vllm/l31-8bi,verification,cal_brier,0.22751371306026738
math500,vllm/l31-8bi,verification,cal_ece,0.08377746285896812
math500,vllm/l31-8bi,verification,raw_ece,0.41446823481099343
math500,vllm/l31-8bi,verification,auarc,0.7012418625572109
math500,vllm/l31-8bi,verbalized,auroc,0.7680982309124768
math500,vllm/l31-8bi,verbalized,cal_brier,0.1956618772938317
math500,vllm/l31-8bi,verbalized,cal_ece,0.06294689542044268
math500,vllm/l31-8bi,verbalized,raw_ece,0.35541795665634657
math500,vllm/l31-8bi,verbalized,auarc,0.7480088692416379
math500,vllm/l31-8bi,consistency_t0.7,auroc,0.9445996275605214
math500,vllm/l31-8bi,consistency_t0.7,cal_brier,0.08663136206445604
math500,vllm/l31-8bi,consistency_t0.7,cal_ece,0.05899457233080156
math500,vllm/l31-8bi,consistency_t0.7,raw_ece,0.09659442724458203
math500,vllm/l31-8bi,consistency_t0.7,auarc,0.8499828973466172
math500,vllm/l31-8bi,consistency_t0.7_margin,auroc,0.8291627870887648
math500,vllm/l31-8bi,consistency_t0.7_margin,cal_brier,0.16925643699672593
math500,vllm/l31-8bi,consistency_t0.7_margin,cal_ece,0.08025813198160596
math500,vllm/l31-8bi,consistency_t0.7_margin,raw_ece,0.12260061919504645
math500,vllm/l31-8bi,consistency_t0.7_margin,auarc,0.785769188990425
math500,vllm/l31-8bi,consistency_t0.7_entropy,auroc,0.8250698324022346
math500,vllm/l31-8bi,consistency_t0.7_entropy,cal_brier,0.17606859611920625
math500,vllm/l31-8bi,consistency_t0.7_entropy,cal_ece,0.10396672838303928
math500,vllm/l31-8bi,consistency_t0.7_entropy,raw_ece,0.11275464577254277
math500,vllm/l31-8bi,consistency_t0.7_entropy,auarc,0.7834856317570595
math500,vllm/phi4mii,constant,auroc,nan
math500,vllm/phi4mii,constant,cal_brier,0.22361457281978286
math500,vllm/phi4mii,constant,cal_ece,0.03314223781409557
math500,vllm/phi4mii,constant,auarc,0.6657824933687002
math500,vllm/phi4mii,seq_response,auroc,0.5985581483589452
math500,vllm/phi4mii,seq_response,cal_brier,0.22202887633433213
math500,vllm/phi4mii,seq_response,cal_ece,0.08389908272530193
math500,vllm/phi4mii,seq_response,raw_ece,0.2207399322310224
math500,vllm/phi4mii,seq_response,auarc,0.7184754190459322
math500,vllm/phi4mii,seq_response_min,auroc,0.7779042559919054
math500,vllm/phi4mii,seq_response_min,cal_brier,0.17497577746308984
math500,vllm/phi4mii,seq_response_min,cal_ece,0.05495015639672291
math500,vllm/phi4mii,seq_response_min,raw_ece,0.45871277727655635
math500,vllm/phi4mii,seq_response_min,auarc,0.8336884061298452
math500,vllm/phi4mii,seq_response_tail10,auroc,0.6700815784481123
math500,vllm/phi4mii,seq_response_tail10,cal_brier,0.20860269615132748
math500,vllm/phi4mii,seq_response_tail10,cal_ece,0.1004641714872357
math500,vllm/phi4mii,seq_response_tail10,raw_ece,0.21025342241557346
math500,vllm/phi4mii,seq_response_tail10,auarc,0.7618594046442345
math500,vllm/phi4mii,verification,auroc,0.7998798456965788
math500,vllm/phi4mii,verification,cal_brier,0.16866413388806223
math500,vllm/phi4mii,verification,cal_ece,0.08513270747984851
math500,vllm/phi4mii,verification,raw_ece,0.10060886633548242
math500,vllm/phi4mii,verification,auarc,0.8420746639148087
math500,vllm/phi4mii,verbalized,auroc,0.6336874723328907
math500,vllm/phi4mii,verbalized,cal_brier,0.2139399937291546
math500,vllm/phi4mii,verbalized,cal_ece,0.03741139512675766
math500,vllm/phi4mii,verbalized,raw_ece,0.24522546419098132
math500,vllm/phi4mii,verbalized,auarc,0.732698705871622
math500,vllm/phi4mii,consistency_t0.7,auroc,0.918516410548283
math500,vllm/phi4mii,consistency_t0.7,cal_brier,0.11503576642541599
math500,vllm/phi4mii,consistency_t0.7,cal_ece,0.0640550949075153
math500,vllm/phi4mii,consistency_t0.7,raw_ece,0.0875331564986737
math500,vllm/phi4mii,consistency_t0.7,auarc,0.9017518529919596
math500,vllm/phi4mii,consistency_t0.7_margin,auroc,0.8342186808322266
math500,vllm/phi4mii,consistency_t0.7_margin,cal_brier,0.16102086868926688
math500,vllm/phi4mii,consistency_t0.7_margin,cal_ece,0.07259231910601847
math500,vllm/phi4mii,consistency_t0.7_margin,raw_ece,0.15119363395225474
math500,vllm/phi4mii,consistency_t0.7_margin,auarc,0.8575010084433382
math500,vllm/phi4mii,consistency_t0.7_entropy,auroc,0.835736419401758
math500,vllm/phi4mii,consistency_t0.7_entropy,cal_brier,0.15880989463518
math500,vllm/phi4mii,consistency_t0.7_entropy,cal_ece,0.06353255254048674
math500,vllm/phi4mii,consistency_t0.7_entropy,raw_ece,0.13249761827922166
math500,vllm/phi4mii,consistency_t0.7_entropy,auarc,0.8574110127245697
math500,vllm/q3-4bi,constant,auroc,nan
math500,vllm/q3-4bi,constant,cal_brier,0.06487386621315196
math500,vllm/q3-4bi,constant,cal_ece,0.027210884353741572
math500,vllm/q3-4bi,constant,auarc,0.9311224489795918
math500,vllm/q3-4bi,seq_response,auroc,0.7923896499238965
math500,vllm/q3-4bi,seq_response,cal_brier,0.05202695980486424
math500,vllm/q3-4bi,seq_response,cal_ece,0.022808816264165255
math500,vllm/q3-4bi,seq_response,raw_ece,0.041872561361877676
math500,vllm/q3-4bi,seq_response,auarc,0.9745376757277502
math500,vllm/q3-4bi,seq_response_min,auroc,0.8573313039066464
math500,vllm/q3-4bi,seq_response_min,cal_brier,0.05773466755477402
math500,vllm/q3-4bi,seq_response_min,cal_ece,0.03536763520673878
math500,vllm/q3-4bi,seq_response_min,raw_ece,0.630027455759586
math500,vllm/q3-4bi,seq_response_min,auarc,0.9859385910523565
math500,vllm/q3-4bi,seq_response_tail10,auroc,0.8
math500,vllm/q3-4bi,seq_response_tail10,cal_brier,0.0523071892065118
math500,vllm/q3-4bi,seq_response_tail10,cal_ece,0.026916713062405877
math500,vllm/q3-4bi,seq_response_tail10,raw_ece,0.31281508756425724
math500,vllm/q3-4bi,seq_response_tail10,auarc,0.9757346186739285
math500,vllm/q3-4bi,verification,auroc,0.8903094875697616
math500,vllm/q3-4bi,verification,cal_brier,0.053407080187622205
math500,vllm/q3-4bi,verification,cal_ece,0.02468069510316326
math500,vllm/q3-4bi,verification,raw_ece,0.05638873391614609
math500,vllm/q3-4bi,verification,auarc,0.9883826287371046
math500,vllm/q3-4bi,verbalized,auroc,0.6111111111111112
math500,vllm/q3-4bi,verbalized,cal_brier,0.051173258496762665
math500,vllm/q3-4bi,verbalized,cal_ece,0.022634370831125166
math500,vllm/q3-4bi,verbalized,raw_ece,0.06386054421768708
math500,vllm/q3-4bi,verbalized,auarc,0.9454660744065342
math500,vllm/q3-4bi,consistency_t0.7,auroc,0.9105022831050228
math500,vllm/q3-4bi,consistency_t0.7,cal_brier,0.03484077680334022
math500,vllm/q3-4bi,consistency_t0.7,cal_ece,0.03191171794844205
math500,vllm/q3-4bi,consistency_t0.7,raw_ece,0.03010204081632653
math500,vllm/q3-4bi,consistency_t0.7,auarc,0.9858520693996351
math500,vllm/q3-4bi,consistency_t0.7_margin,auroc,0.8555048198883816
math500,vllm/q3-4bi,consistency_t0.7_margin,cal_brier,0.057404138911429904
math500,vllm/q3-4bi,consistency_t0.7_margin,cal_ece,0.046285290813791756
math500,vllm/q3-4bi,consistency_t0.7_margin,raw_ece,0.05051020408163265
math500,vllm/q3-4bi,consistency_t0.7_margin,auarc,0.9794053346522987
math500,vllm/q3-4bi,consistency_t0.7_entropy,auroc,0.8615930999492644
math500,vllm/q3-4bi,consistency_t0.7_entropy,cal_brier,0.04792653496280972
math500,vllm/q3-4bi,consistency_t0.7_entropy,cal_ece,0.03797463180245175
math500,vllm/q3-4bi,consistency_t0.7_entropy,raw_ece,0.03631318876084859
math500,vllm/q3-4bi,consistency_t0.7_entropy,auarc,0.9798186893946375
