estimator,method,metric,unit,alternative,datasets,n_datasets,n_non_tied,wins,p_raw,p_holm,exploratory
cons,mean,ece,dataset_mean_over_panels,improves_over_reference,csqa|boolq|gsm8k|truthfulqa|gpqa,5,5,3,0.5,1.0,True
cons,mean,auarc,dataset_mean_over_panels,improves_over_reference,csqa|boolq|gsm8k|truthfulqa|gpqa,5,5,5,0.03125,1.0,True
cons,logodds_sum,ece,dataset_mean_over_panels,improves_over_reference,csqa|boolq|gsm8k|truthfulqa|gpqa,5,5,1,0.96875,1.0,True
cons,logodds_sum,auarc,dataset_mean_over_panels,improves_over_reference,csqa|boolq|gsm8k|truthfulqa|gpqa,5,5,5,0.03125,1.0,True
cons,logodds_mean,ece,dataset_mean_over_panels,improves_over_reference,csqa|boolq|gsm8k|truthfulqa|gpqa,5,5,3,0.5,1.0,True
cons,logodds_mean,auarc,dataset_mean_over_panels,improves_over_reference,csqa|boolq|gsm8k|truthfulqa|gpqa,5,5,5,0.03125,1.0,True
cons,shared_rho,ece,dataset_mean_over_panels,improves_over_reference,csqa|boolq|gsm8k|truthfulqa|gpqa,5,5,1,0.96875,1.0,True
cons,shared_rho,auarc,dataset_mean_over_panels,improves_over_reference,csqa|boolq|gsm8k|truthfulqa|gpqa,5,5,5,0.03125,1.0,True
cons,shared_scale,ece,dataset_mean_over_panels,improves_over_reference,csqa|boolq|gsm8k|truthfulqa|gpqa,5,5,4,0.1875,1.0,True
cons,shared_scale,auarc,dataset_mean_over_panels,improves_over_reference,csqa|boolq|gsm8k|truthfulqa|gpqa,5,5,5,0.03125,1.0,True
cons,kahn,ece,dataset_mean_over_panels,improves_over_reference,csqa|boolq|gsm8k|truthfulqa|gpqa,5,5,4,0.1875,1.0,True
cons,kahn,auarc,dataset_mean_over_panels,improves_over_reference,csqa|boolq|gsm8k|truthfulqa|gpqa,5,5,5,0.03125,1.0,True
cons,blp,ece,dataset_mean_over_panels,improves_over_reference,csqa|boolq|gsm8k|truthfulqa|gpqa,5,5,5,0.03125,1.0,True
cons,blp,auarc,dataset_mean_over_panels,improves_over_reference,csqa|boolq|gsm8k|truthfulqa|gpqa,5,5,5,0.03125,1.0,True
cons,logistic_pool,ece,dataset_mean_over_panels,improves_over_reference,csqa|boolq|gsm8k|truthfulqa|gpqa,5,5,4,0.1875,1.0,True
cons,logistic_pool,auarc,dataset_mean_over_panels,improves_over_reference,csqa|boolq|gsm8k|truthfulqa|gpqa,5,5,5,0.03125,1.0,True
cons,blp_equal,ece,dataset_mean_over_panels,improves_over_reference,csqa|boolq|gsm8k|truthfulqa|gpqa,5,5,5,0.03125,1.0,True
cons,blp_equal,auarc,dataset_mean_over_panels,improves_over_reference,csqa|boolq|gsm8k|truthfulqa|gpqa,5,5,5,0.03125,1.0,True
cons,kahn_diagonal,ece,dataset_mean_over_panels,improves_over_reference,csqa|boolq|gsm8k|truthfulqa|gpqa,5,5,3,0.5,1.0,True
cons,kahn_diagonal,auarc,dataset_mean_over_panels,improves_over_reference,csqa|boolq|gsm8k|truthfulqa|gpqa,5,5,5,0.03125,1.0,True
cons,cagecal_iid,ece,dataset_mean_over_panels,improves_over_reference,csqa|boolq|gsm8k|truthfulqa|gpqa,5,5,4,0.1875,1.0,True
cons,cagecal_iid,auarc,dataset_mean_over_panels,improves_over_reference,csqa|boolq|gsm8k|truthfulqa|gpqa,5,5,5,0.03125,1.0,True
cons,cagecal_iid_betasb,ece,dataset_mean_over_panels,improves_over_reference,csqa|boolq|gsm8k|truthfulqa|gpqa,5,5,4,0.1875,1.0,True
cons,cagecal_iid_betasb,auarc,dataset_mean_over_panels,improves_over_reference,csqa|boolq|gsm8k|truthfulqa|gpqa,5,5,5,0.03125,1.0,True
seq,mean,ece,dataset_mean_over_panels,improves_over_reference,csqa|boolq|gsm8k|truthfulqa|gpqa,5,5,4,0.1875,1.0,True
seq,mean,auarc,dataset_mean_over_panels,improves_over_reference,csqa|boolq|gsm8k|truthfulqa|gpqa,5,5,4,0.1875,1.0,True
seq,logodds_sum,ece,dataset_mean_over_panels,improves_over_reference,csqa|boolq|gsm8k|truthfulqa|gpqa,5,5,2,0.8125,1.0,True
seq,logodds_sum,auarc,dataset_mean_over_panels,improves_over_reference,csqa|boolq|gsm8k|truthfulqa|gpqa,5,5,5,0.03125,1.0,True
seq,logodds_mean,ece,dataset_mean_over_panels,improves_over_reference,csqa|boolq|gsm8k|truthfulqa|gpqa,5,5,4,0.1875,1.0,True
seq,logodds_mean,auarc,dataset_mean_over_panels,improves_over_reference,csqa|boolq|gsm8k|truthfulqa|gpqa,5,5,5,0.03125,1.0,True
seq,shared_rho,ece,dataset_mean_over_panels,improves_over_reference,csqa|boolq|gsm8k|truthfulqa|gpqa,5,5,3,0.5,1.0,True
seq,shared_rho,auarc,dataset_mean_over_panels,improves_over_reference,csqa|boolq|gsm8k|truthfulqa|gpqa,5,5,5,0.03125,1.0,True
seq,shared_scale,ece,dataset_mean_over_panels,improves_over_reference,csqa|boolq|gsm8k|truthfulqa|gpqa,5,5,4,0.1875,1.0,True
seq,shared_scale,auarc,dataset_mean_over_panels,improves_over_reference,csqa|boolq|gsm8k|truthfulqa|gpqa,5,5,5,0.03125,1.0,True
seq,kahn,ece,dataset_mean_over_panels,improves_over_reference,csqa|boolq|gsm8k|truthfulqa|gpqa,5,5,5,0.03125,1.0,True
seq,kahn,auarc,dataset_mean_over_panels,improves_over_reference,csqa|boolq|gsm8k|truthfulqa|gpqa,5,5,4,0.1875,1.0,True
seq,blp,ece,dataset_mean_over_panels,improves_over_reference,csqa|boolq|gsm8k|truthfulqa|gpqa,5,5,5,0.03125,1.0,True
seq,blp,auarc,dataset_mean_over_panels,improves_over_reference,csqa|boolq|gsm8k|truthfulqa|gpqa,5,5,5,0.03125,1.0,True
seq,logistic_pool,ece,dataset_mean_over_panels,improves_over_reference,csqa|boolq|gsm8k|truthfulqa|gpqa,5,5,5,0.03125,1.0,True
seq,logistic_pool,auarc,dataset_mean_over_panels,improves_over_reference,csqa|boolq|gsm8k|truthfulqa|gpqa,5,5,4,0.1875,1.0,True
seq,blp_equal,ece,dataset_mean_over_panels,improves_over_reference,csqa|boolq|gsm8k|truthfulqa|gpqa,5,5,5,0.03125,1.0,True
seq,blp_equal,auarc,dataset_mean_over_panels,improves_over_reference,csqa|boolq|gsm8k|truthfulqa|gpqa,5,5,4,0.1875,1.0,True
seq,kahn_diagonal,ece,dataset_mean_over_panels,improves_over_reference,csqa|boolq|gsm8k|truthfulqa|gpqa,5,5,5,0.03125,1.0,True
seq,kahn_diagonal,auarc,dataset_mean_over_panels,improves_over_reference,csqa|boolq|gsm8k|truthfulqa|gpqa,5,5,4,0.1875,1.0,True
seq,cagecal_iid,ece,dataset_mean_over_panels,improves_over_reference,csqa|boolq|gsm8k|truthfulqa|gpqa,5,5,5,0.03125,1.0,True
seq,cagecal_iid,auarc,dataset_mean_over_panels,improves_over_reference,csqa|boolq|gsm8k|truthfulqa|gpqa,5,5,3,0.5,1.0,True
seq,cagecal_iid_betasb,ece,dataset_mean_over_panels,improves_over_reference,csqa|boolq|gsm8k|truthfulqa|gpqa,5,5,5,0.03125,1.0,True
seq,cagecal_iid_betasb,auarc,dataset_mean_over_panels,improves_over_reference,csqa|boolq|gsm8k|truthfulqa|gpqa,5,5,3,0.5,1.0,True
